LOCATION_TYPE;LOCATION_ID;POST_CODE;CITY;X_COORD;Y_COORD;QUANTITY;MAX_TRANSPORT_TIME
HUB;H1;50735;Köln;6.97290;50.95660;0;0
BUSSTOP;B1;52062;Aachen;6.08827;50.77976;0;7200
BUSSTOP;B10;53844;Troisdorf;7.13080;50.80680;0;3600
BUSSTOP;B100;42859;Remscheid;7.20642;51.16965;0;3600
BUSSTOP;B101;42859;Remscheid;7.20642;51.16965;0;3600
BUSSTOP;B102;58454;Witten;7.39032;51.45833;0;7200
BUSSTOP;B103;53721;Siegburg;7.20727;50.79975;0;3600
BUSSTOP;B104;57258;Freudenberg;7.88077;50.90450;0;7200
BUSSTOP;B105;53359;Rheinbach;6.94659;50.62586;0;7200
BUSSTOP;B106;49545;Tecklenburg;7.81260;52.21995;0;10800
BUSSTOP;B107;59269;Beckum;8.04102;51.75488;0;10800
BUSSTOP;B108;50354;Hürth;6.88379;50.88336;0;3600
BUSSTOP;B109;41516;Grevenbroich;6.59516;51.14603;0;7200
BUSSTOP;B11;59269;Beckum;8.04190;51.76023;0;10800
BUSSTOP;B110;58239;Schwerte;7.56192;51.43958;0;7200
BUSSTOP;B111;57072;Siegen;8.01660;50.87552;0;7200
BUSSTOP;B112;53721;Siegburg;7.20149;50.79423;0;3600
BUSSTOP;B113;59494;Soest;8.10301;51.56685;16;9000
BUSSTOP;B114;42651;Solingen;7.08259;51.16881;0;3600
BUSSTOP;B115;45549;Sprockhövel;7.28284;51.33480;0;7200
BUSSTOP;B116;58332;Schwelm;7.29058;51.29029;0;7200
BUSSTOP;B117;59457;Werl;7.86672;51.53463;0;9000
BUSSTOP;B118;53840;Troisdorf;7.15119;50.81435;0;3600
BUSSTOP;B119;59494;Soest;8.10677;51.56747;0;9000
BUSSTOP;B12;58454;Witten;7.39032;51.45833;0;7200
BUSSTOP;B120;59423;Unna;7.69505;51.53756;0;7200
BUSSTOP;B121;42549;Velbert;7.04075;51.34079;0;7200
BUSSTOP;B122;48691;Vreden;6.82548;52.03240;0;10800
BUSSTOP;B123;446**;Herne;7.16177;51.52900;0;7200
BUSSTOP;B124;48231;Warendorf;7.98481;51.95042;5;10800
BUSSTOP;B125;44866;Bochum;7.13890;51.48129;0;7200
BUSSTOP;B126;59457;Werl;7.91361;51.55771;0;9000
BUSSTOP;B127;42929;Wermelskirchen;7.21843;51.13990;0;3600
BUSSTOP;B128;46483;Wesel;6.62573;51.65557;0;9000
BUSSTOP;B129;58300;Wetter;7.38591;51.38691;0;7200
BUSSTOP;B13;46325;Borken;6.85832;51.84106;0;9000
BUSSTOP;B130;51688;Wipperfürth;7.39955;51.11712;0;7200
BUSSTOP;B131;58452;Witten;7.33683;51.43912;0;7200
BUSSTOP;B132;45731;Waltrop;7.39051;51.62277;0;9000
BUSSTOP;B133;59368;Werne;7.63644;51.66053;0;9000
BUSSTOP;B134;45127;Essen;7.01507;51.45050;2;7200
BUSSTOP;B135;50735;Köln;6.97290;50.95660;7;3600
BUSSTOP;B136;40210;Düsseldorf;6.79497;51.22267;2;3600
BUSSTOP;B137;41061;Mönchengladbach;6.44683;51.19867;2;7200
BUSSTOP;B138;48155;Münster;7.63778;51.95812;5;10800
BUSSTOP;B139;50735;Köln;6.97290;50.95660;9;3600
BUSSTOP;B14;46395;Bocholt;6.61760;51.83468;0;9000
BUSSTOP;B140;48155;Münster;7.63778;51.95812;4;10800
BUSSTOP;B141;48155;Münster;7.63778;51.95812;2;10800
BUSSTOP;B142;44145;Dortmund;7.46346;51.51972;1;7200
BUSSTOP;B143;40210;Düsseldorf;6.79497;51.22267;4;3600
BUSSTOP;B144;580**;Hagen;7.46325;51.36432;2;7200
BUSSTOP;B15;44789;Bochum;7.23003;51.47712;0;7200
BUSSTOP;B16;59199;Bönen;7.75747;51.59853;0;9000
BUSSTOP;B17;59075;Hamm;7.76204;51.70288;0;9000
BUSSTOP;B18;53115;Bonn;7.09748;50.73128;0;3600
BUSSTOP;B19;46242;Bottrop;6.93648;51.51035;0;7200
BUSSTOP;B2;59590;Geseke;8.51543;51.59815;0;10800
BUSSTOP;B20;58339;Breckerfeld;7.46866;51.26115;0;7200
BUSSTOP;B21;51399;Burscheid;7.13181;51.08409;0;3600
BUSSTOP;B22;41564;Kaarst;6.60598;51.19737;0;7200
BUSSTOP;B23;44575;Castrop-Rauxel;7.30806;51.54877;0;7200
BUSSTOP;B24;51147;Köln;7.11034;50.88117;0;3600
BUSSTOP;B25;48653;Coesfeld;7.17229;51.94058;0;10800
BUSSTOP;B26;45711;Datteln;7.33908;51.65267;0;9000
BUSSTOP;B27;46535;Dinslaken;6.73694;51.56690;0;7200
BUSSTOP;B28;44388;Dortmund;7.35262;51.49802;0;7200
BUSSTOP;B29;52349;Düren;6.48089;50.80757;0;7200
BUSSTOP;B3;59227;Ahlen;7.89496;51.76171;8;10800
BUSSTOP;B30;44145;Dortmund;7.46346;51.51972;8;7200
BUSSTOP;B31;46282;Dorsten;6.96722;51.65865;0;7200
BUSSTOP;B32;44319;Dortmund;7.60555;51.51609;0;9000
BUSSTOP;B33;40479;Düsseldorf;6.77171;51.23329;0;3600
BUSSTOP;B34;52353;Düren;6.46111;50.83409;0;3600
BUSSTOP;B35;44319;Dortmund;7.60555;51.51609;0;9000
BUSSTOP;B36;48249;Dülmen;7.28118;51.83276;0;9000
BUSSTOP;B37;40474;Düsseldorf;6.76133;51.27303;0;7200
BUSSTOP;B38;47051;Duisburg;6.77177;51.42974;9;7200
BUSSTOP;B39;40210;Düsseldorf;6.79497;51.22267;6;3600
BUSSTOP;B4;59821;Arnsberg;8.06361;51.39418;0;9000
BUSSTOP;B40;42103;Wuppertal;7.15962;51.25674;0;7200
BUSSTOP;B41;58256;Ennepetal;7.35024;51.29900;0;7200
BUSSTOP;B42;41812;Erkelenz;6.32071;51.07673;0;7200
BUSSTOP;B43;45127;Essen;7.01507;51.45050;2;7200
BUSSTOP;B44;53879;Euskirchen;6.79421;50.65878;0;7200
BUSSTOP;B45;48155;Münster;7.63778;51.95812;4;10800
BUSSTOP;B46;45894;Gelsenkirchen;7.05710;51.57870;0;7200
BUSSTOP;B47;45881;Gelsenkirchen;7.09003;51.51442;0;7200
BUSSTOP;B48;58285;Gevelsberg;7.33666;51.31882;0;7200
BUSSTOP;B49;45964;Gladbeck;6.99572;51.57357;0;7200
BUSSTOP;B5;59387;Ascheberg;7.61668;51.79449;0;9000
BUSSTOP;B50;52076;Aachen;6.12642;50.71353;0;7200
BUSSTOP;B51;51643;Gummersbach;7.56740;51.02405;0;7200
BUSSTOP;B52;580**;Hagen;7.46325;51.36432;2;7200
BUSSTOP;B53;45721;Haltern am See;7.18410;51.74307;0;9000
BUSSTOP;B54;45525;Hattingen;7.18008;51.39769;0;7200
BUSSTOP;B55;58313;Herdecke;7.43337;51.40228;0;7200
BUSSTOP;B56;4462*;Herne;7.21706;51.54485;0;7200
BUSSTOP;B57;40723;Hilden;6.94070;51.16301;0;3600
BUSSTOP;B58;59067;Hamm;7.80595;51.67751;0;9000
BUSSTOP;B59;42499;Hückeswagen;7.34197;51.15101;0;7200
BUSSTOP;B6;59071;Hamm;7.86967;51.68804;0;9000
BUSSTOP;B60;58644;Iserlohn;7.69301;51.37307;11;7200
BUSSTOP;B61;59174;Kamen;7.65897;51.58486;0;7200
BUSSTOP;B62;50735;Köln;6.97290;50.95660;7;3600
BUSSTOP;B63;47805;Krefeld;6.57106;51.32426;0;7200
BUSSTOP;B64;41352;Korschenbroich;6.51085;51.19544;0;7200
BUSSTOP;B65;44892;Bochum;7.32553;51.47367;0;7200
BUSSTOP;B66;58507;Lüdenscheid;7.62991;51.22091;3;7200
BUSSTOP;B67;58642;Iserlohn;7.61823;51.36381;0;7200
BUSSTOP;B68;51373;Leverkusen;6.99123;51.03086;0;3600
BUSSTOP;B69;40764;Langenfeld;6.93725;51.09806;0;3600
BUSSTOP;B7;46286;Dorsten;6.96450;51.75490;0;9000
BUSSTOP;B70;5955*;Lippstadt;8.35288;51.67161;4;10800
BUSSTOP;B71;44534;Lünen;7.53561;51.62029;0;9000
BUSSTOP;B72;58706;Menden;7.79868;51.43327;0;9000
BUSSTOP;B73;40822;Mettmann;6.97877;51.25152;0;3600
BUSSTOP;B74;47443;Moers;6.64285;51.45001;0;7200
BUSSTOP;B75;41061;Mönchengladbach;6.44683;51.19867;1;7200
BUSSTOP;B76;45768;Marl;7.09894;51.65498;7;9000
BUSSTOP;B77;59872;Meschede;8.28412;51.35128;0;10800
BUSSTOP;B78;45468;Mülheim an der Ruhr;6.88816;51.43001;6;7200
BUSSTOP;B79;59755;Arnsberg;7.96062;51.45163;9;9000
BUSSTOP;B8;59368;Werne;7.67264;51.69824;0;9000
BUSSTOP;B80;41460;Neuss;6.68682;51.20487;0;3600
BUSSTOP;B81;42275;Wuppertal;7.21286;51.27439;2;7200
BUSSTOP;B82;46045;Oberhausen;6.85391;51.47297;0;7200
BUSSTOP;B83;59399;Olfen;7.38098;51.70880;0;9000
BUSSTOP;B84;42477;Radevormwald;7.36183;51.20197;0;7200
BUSSTOP;B85;52249;Eschweiler;6.21340;50.81235;0;7200
BUSSTOP;B86;45657;Recklinghausen;7.20269;51.61807;0;7200
BUSSTOP;B87;42897;Remscheid;7.25348;51.19113;0;3600
BUSSTOP;B88;42853;Remscheid;7.19193;51.18140;10;3600
BUSSTOP;B89;50226;Frechen;6.80947;50.91159;0;3600
BUSSTOP;B9;59439;Holzwickede;7.61861;51.51224;0;7200
BUSSTOP;B90;33334;Gütersloh;8.36167;51.89776;0;10800
BUSSTOP;B91;33378;Rheda-Wiedenbrück;8.28701;51.85645;0;10800
BUSSTOP;B92;32049;Herford;8.69532;52.12122;0;10800
BUSSTOP;B93;45721;Haltern am See;7.18034;51.74468;0;9000
BUSSTOP;B94;46569;Hünxe;6.76835;51.64099;0;7200
BUSSTOP;B95;59387;Ascheberg;7.61844;51.78975;0;9000
BUSSTOP;B96;51503;Rösrath;7.18168;50.90445;0;3600
BUSSTOP;B97;44289;Dortmund;7.59375;51.47639;0;7200
BUSSTOP;B98;48161;Münster;7.53506;51.95191;0;10800
BUSSTOP;B99;40724;Hilden;6.93924;51.17755;0;3600
